date,exchange_rate
2014-04-18,
2014-04-19,
2014-04-20,
2014-04-21,
2014-04-22,
2014-04-23,
2014-04-24,
2014-04-25,
2014-04-26,
2014-04-27,
2014-04-28,
2014-04-29,
2014-04-30,
2014-05-01,
2014-05-02,
2014-05-03,
2014-05-04,
2014-05-05,
2014-05-06,
2014-05-07,
2014-05-08,
2014-05-09,
2014-05-10,
2014-05-11,
2014-05-12,
2014-05-13,
2014-05-14,
2014-05-15,
2014-05-16,
2014-05-17,
2014-05-18,
2014-05-19,
2014-05-20,3.0
2014-05-21,2.0
2014-05-22,2.0
2014-05-23,3.0
2014-05-24,4.0
2014-05-25,3.0
2014-05-26,3.0
2014-05-27,2.0
2014-05-28,2.0
2014-05-29,2.0
2014-05-30,2.0
2014-05-31,2.0
2014-06-01,2.0
2014-06-02,2.0
2014-06-03,2.0
2014-06-04,2.0
2014-06-05,2.0
2014-06-06,1.0
2014-06-07,1.0
2014-06-08,1.0
2014-06-09,1.0
2014-06-10,2.0
2014-06-11,2.0
2014-06-12,2.0
2014-06-13,2.0
2014-06-14,2.0
2014-06-15,3.0
2014-06-16,3.0
2014-06-17,3.0
2014-06-18,3.0
2014-06-19,3.0
2014-06-20,4.0
2014-06-21,5.0
2014-06-22,4.0
2014-06-23,4.0
2014-06-24,3.0
2014-06-25,3.0
2014-06-26,3.0
2014-06-27,2.0
2014-06-28,3.0
2014-06-29,3.0
2014-06-30,3.0
2014-07-01,2.0
2014-07-02,2.0
2014-07-03,3.0
2014-07-04,3.0
2014-07-05,2.0
2014-07-06,2.0
2014-07-07,2.0
2014-07-08,2.0
2014-07-09,2.0
2014-07-10,2.0
2014-07-11,2.0
2014-07-12,2.0
2014-07-13,2.0
2014-07-14,2.0
2014-07-15,2.0
2014-07-16,3.0
2014-07-17,3.0
2014-07-18,3.0
2014-07-19,3.0
2014-07-20,3.0
2014-07-21,3.0
2014-07-22,3.0
2014-07-23,3.0
2014-07-24,2.0
2014-07-25,3.0
2014-07-26,3.0
2014-07-27,3.0
2014-07-28,3.0
2014-07-29,3.0
2014-07-30,3.0
2014-07-31,3.0
2014-08-01,3.0
2014-08-02,3.0
2014-08-03,2.0
2014-08-04,2.0
2014-08-05,2.0
2014-08-06,2.0
2014-08-07,2.0
2014-08-08,2.0
2014-08-09,2.0
2014-08-10,2.0
2014-08-11,2.0
2014-08-12,2.0
2014-08-13,2.0
2014-08-14,2.0
2014-08-15,2.0
2014-08-16,2.0
2014-08-17,1.0
2014-08-18,1.0
2014-08-19,2.0
2014-08-20,2.0
2014-08-21,2.0
2014-08-22,2.0
2014-08-23,2.0
2014-08-24,2.0
2014-08-25,2.0
2014-08-26,2.0
2014-08-27,2.0
2014-08-28,2.0
2014-08-29,2.0
2014-08-30,2.0
2014-08-31,2.0
2014-09-01,2.0
2014-09-02,2.0
2014-09-03,2.0
2014-09-04,2.0
2014-09-05,2.0
2014-09-06,2.0
2014-09-07,2.0
2014-09-08,2.0
2014-09-09,2.0
2014-09-10,2.0
2014-09-11,2.0
2014-09-12,2.0
2014-09-13,2.0
2014-09-14,2.0
2014-09-15,2.0
2014-09-16,2.0
2014-09-17,2.0
2014-09-18,2.0
2014-09-19,1.0
2014-09-20,1.0
2014-09-21,1.0
2014-09-22,1.0
2014-09-23,1.0
2014-09-24,2.0
2014-09-25,1.0
2014-09-26,1.0
2014-09-27,1.0
2014-09-28,1.0
2014-09-29,1.0
2014-09-30,1.0
2014-10-01,1.0
2014-10-02,1.0
2014-10-03,1.0
2014-10-04,1.0
2014-10-05,1.0
2014-10-06,1.0
2014-10-07,1.0
2014-10-08,1.0
2014-10-09,1.0
2014-10-10,1.0
2014-10-11,1.0
2014-10-12,1.0
2014-10-13,1.0
2014-10-14,1.0
2014-10-15,1.0
2014-10-16,1.0
2014-10-17,1.0
2014-10-18,1.0
2014-10-19,1.0
2014-10-20,1.0
2014-10-21,1.0
2014-10-22,1.0
2014-10-23,1.0
2014-10-24,1.0
2014-10-25,1.0
2014-10-26,1.0
2014-10-27,1.0
2014-10-28,1.0
2014-10-29,1.0
2014-10-30,1.0
2014-10-31,1.0
2014-11-01,1.0
2014-11-02,1.0
2014-11-03,1.0
2014-11-04,1.0
2014-11-05,1.0
2014-11-06,1.0
2014-11-07,1.0
2014-11-08,1.0
2014-11-09,1.0
2014-11-10,1.0
2014-11-11,1.0
2014-11-12,1.0
2014-11-13,1.0
2014-11-14,1.0
2014-11-15,1.0
2014-11-16,1.0
2014-11-17,1.0
2014-11-18,1.0
2014-11-19,1.0
2014-11-20,1.0
2014-11-21,1.0
2014-11-22,1.0
2014-11-23,1.0
2014-11-24,1.0
2014-11-25,1.0
2014-11-26,1.0
2014-11-27,1.0
2014-11-28,1.0
2014-11-29,1.0
2014-11-30,1.0
2014-12-01,0.0
2014-12-02,1.0
2014-12-03,1.0
2014-12-04,0.0
2014-12-05,0.0
2014-12-06,0.0
2014-12-07,0.0
2014-12-08,0.0
2014-12-09,0.0
2014-12-10,0.0
2014-12-11,0.0
2014-12-12,0.0
2014-12-13,0.0
2014-12-14,0.0
2014-12-15,0.0
2014-12-16,0.0
2014-12-17,0.0
2014-12-18,0.0
2014-12-19,0.0
2014-12-20,0.0
2014-12-21,0.0
2014-12-22,0.0
2014-12-23,0.0
2014-12-24,0.0
2014-12-25,0.0
2014-12-26,0.0
2014-12-27,1.0
2014-12-28,1.0
2014-12-29,0.0
2014-12-30,1.0
2014-12-31,0.0
2015-01-01,0.0
2015-01-02,0.0
2015-01-03,0.0
2015-01-04,0.0
2015-01-05,0.0
2015-01-06,0.0
2015-01-07,0.0
2015-01-08,0.0
2015-01-09,0.0
2015-01-10,0.0
2015-01-11,0.0
2015-01-12,0.0
2015-01-13,0.0
2015-01-14,0.0
2015-01-15,0.0
2015-01-16,0.0
2015-01-17,0.0
2015-01-18,0.0
2015-01-19,0.0
2015-01-20,0.0
2015-01-21,0.0
2015-01-22,0.0
2015-01-23,0.0
2015-01-24,0.0
2015-01-25,0.0
2015-01-26,0.0
2015-01-27,0.0
2015-01-28,0.0
2015-01-29,0.0
2015-01-30,0.0
2015-01-31,0.0
2015-02-01,0.0
2015-02-02,0.0
2015-02-03,0.0
2015-02-04,0.0
2015-02-05,0.0
2015-02-06,0.0
2015-02-07,0.0
2015-02-08,0.0
2015-02-09,0.0
2015-02-10,0.0
2015-02-11,0.0
2015-02-12,0.0
2015-02-13,0.0
2015-02-14,0.0
2015-02-15,0.0
2015-02-16,0.0
2015-02-17,0.0
2015-02-18,0.0
2015-02-19,0.0
2015-02-20,0.0
2015-02-21,0.0
2015-02-22,0.0
2015-02-23,0.0
2015-02-24,0.0
2015-02-25,0.0
2015-02-26,0.0
2015-02-27,0.0
2015-02-28,0.0
2015-03-01,0.0
2015-03-02,0.0
2015-03-03,0.0
2015-03-04,0.0
2015-03-05,0.0
2015-03-06,0.0
2015-03-07,0.0
2015-03-08,0.0
2015-03-09,1.0
2015-03-10,1.0
2015-03-11,1.0
2015-03-12,1.0
2015-03-13,1.0
2015-03-14,1.0
2015-03-15,1.0
2015-03-16,1.0
2015-03-17,1.0
2015-03-18,1.0
2015-03-19,1.0
2015-03-20,1.0
2015-03-21,1.0
2015-03-22,1.0
2015-03-23,1.0
2015-03-24,1.0
2015-03-25,1.0
2015-03-26,1.0
2015-03-27,1.0
2015-03-28,1.0
2015-03-29,1.0
2015-03-30,1.0
2015-03-31,1.0
2015-04-01,1.0
2015-04-02,1.0
2015-04-03,1.0
2015-04-04,1.0
2015-04-05,1.0
2015-04-06,1.0
2015-04-07,1.0
2015-04-08,1.0
2015-04-09,1.0
2015-04-10,1.0
2015-04-11,1.0
2015-04-12,1.0
2015-04-13,1.0
2015-04-14,1.0
2015-04-15,1.0
2015-04-16,1.0
2015-04-17,1.0
2015-04-18,1.0
2015-04-19,1.0
2015-04-20,1.0
2015-04-21,1.0
2015-04-22,1.0
2015-04-23,1.0
2015-04-24,1.0
2015-04-25,1.0
2015-04-26,1.0
2015-04-27,1.0
2015-04-28,0.0
2015-04-29,0.0
2015-04-30,0.0
2015-05-01,1.0
2015-05-02,0.0
2015-05-03,0.0
2015-05-04,0.0
2015-05-05,0.0
2015-05-06,0.0
2015-05-07,0.0
2015-05-08,0.0
2015-05-09,1.0
2015-05-10,1.0
2015-05-11,1.0
2015-05-12,0.0
2015-05-13,0.0
2015-05-14,0.0
2015-05-15,1.0
2015-05-16,1.0
2015-05-17,1.0
2015-05-18,1.0
2015-05-19,1.0
2015-05-20,1.0
2015-05-21,0.0
2015-05-22,0.0
2015-05-23,0.0
2015-05-24,0.0
2015-05-25,0.0
2015-05-26,0.0
2015-05-27,0.0
2015-05-28,0.0
2015-05-29,0.0
2015-05-30,0.0
2015-05-31,0.0
2015-06-01,0.0
2015-06-02,0.0
2015-06-03,0.0
2015-06-04,0.0
2015-06-05,0.0
2015-06-06,1.0
2015-06-07,1.0
2015-06-08,1.0
2015-06-09,0.0
2015-06-10,0.0
2015-06-11,0.0
2015-06-12,0.0
2015-06-13,0.0
2015-06-14,0.0
2015-06-15,1.0
2015-06-16,1.0
2015-06-17,0.0
2015-06-18,0.0
2015-06-19,1.0
2015-06-20,1.0
2015-06-21,1.0
2015-06-22,1.0
2015-06-23,1.0
2015-06-24,1.0
2015-06-25,0.0
2015-06-26,0.0
2015-06-27,0.0
2015-06-28,0.0
2015-06-29,0.0
2015-06-30,0.0
2015-07-01,0.0
2015-07-02,0.0
2015-07-03,0.0
2015-07-04,1.0
2015-07-05,1.0
2015-07-06,1.0
2015-07-07,1.0
2015-07-08,1.0
2015-07-09,0.0
2015-07-10,1.0
2015-07-11,1.0
2015-07-12,1.0
2015-07-13,1.0
2015-07-14,1.0
2015-07-15,1.0
2015-07-16,1.0
2015-07-17,1.0
2015-07-18,1.0
2015-07-19,1.0
2015-07-20,1.0
2015-07-21,1.0
2015-07-22,1.0
2015-07-23,1.0
2015-07-24,1.0
2015-07-25,1.0
2015-07-26,1.0
2015-07-27,1.0
2015-07-28,1.0
2015-07-29,1.0
2015-07-30,1.0
2015-07-31,1.0
2015-08-01,1.0
2015-08-02,1.0
2015-08-03,1.0
2015-08-04,1.0
2015-08-05,1.0
2015-08-06,1.0
2015-08-07,1.0
2015-08-08,1.0
2015-08-09,1.0
2015-08-10,1.0
2015-08-11,1.0
2015-08-12,1.0
2015-08-13,1.0
2015-08-14,1.0
2015-08-15,1.0
2015-08-16,1.0
2015-08-17,1.0
2015-08-18,0.0
2015-08-19,1.0
2015-08-20,1.0
2015-08-21,1.0
2015-08-22,1.0
2015-08-23,1.0
2015-08-24,0.0
2015-08-25,0.0
2015-08-26,0.0
2015-08-27,0.0
2015-08-28,0.0
2015-08-29,0.0
2015-08-30,0.0
2015-08-31,0.0
2015-09-01,0.0
2015-09-02,0.0
2015-09-03,0.0
2015-09-04,0.0
2015-09-05,0.0
2015-09-06,1.0
2015-09-07,0.0
2015-09-08,1.0
2015-09-09,1.0
2015-09-10,0.0
2015-09-11,0.0
2015-09-12,0.0
2015-09-13,0.0
2015-09-14,0.0
2015-09-15,1.0
2015-09-16,0.0
2015-09-17,0.0
2015-09-18,0.0
2015-09-19,0.0
2015-09-20,0.0
2015-09-21,0.0
2015-09-22,0.0
2015-09-23,0.0
2015-09-24,0.0
2015-09-25,0.0
2015-09-26,0.0
2015-09-27,0.0
2015-09-28,0.0
2015-09-29,0.0
2015-09-30,0.0
2015-10-01,0.0
2015-10-02,0.0
2015-10-03,0.0
2015-10-04,0.0
2015-10-05,0.0
2015-10-06,0.0
2015-10-07,0.0
2015-10-08,0.0
2015-10-09,0.0
2015-10-10,0.0
2015-10-11,0.0
2015-10-12,0.0
2015-10-13,0.0
2015-10-14,0.0
2015-10-15,0.0
2015-10-16,0.0
2015-10-17,0.0
2015-10-18,0.0
2015-10-19,0.0
2015-10-20,0.0
2015-10-21,0.0
2015-10-22,0.0
2015-10-23,0.0
2015-10-24,0.0
2015-10-25,0.0
2015-10-26,0.0
2015-10-27,0.0
2015-10-28,0.0
2015-10-29,0.0
2015-10-30,0.0
2015-10-31,0.0
2015-11-01,0.0
2015-11-02,0.0
2015-11-03,0.0
2015-11-04,0.0
2015-11-05,0.0
2015-11-06,0.0
2015-11-07,0.0
2015-11-08,1.0
2015-11-09,0.0
2015-11-10,0.0
2015-11-11,0.0
2015-11-12,0.0
2015-11-13,0.0
2015-11-14,0.0
2015-11-15,0.0
2015-11-16,0.0
2015-11-17,0.0
2015-11-18,0.0
2015-11-19,0.0
2015-11-20,0.0
2015-11-21,0.0
2015-11-22,0.0
2015-11-23,0.0
2015-11-24,0.0
2015-11-25,0.0
2015-11-26,0.0
2015-11-27,0.0
2015-11-28,0.0
2015-11-29,0.0
2015-11-30,0.0
2015-12-01,0.0
2015-12-02,0.0
2015-12-03,0.0
2015-12-04,0.0
2015-12-05,0.0
2015-12-06,0.0
2015-12-07,0.0
2015-12-08,0.0
2015-12-09,0.0
2015-12-10,0.0
2015-12-11,0.0
2015-12-12,0.0
2015-12-13,0.0
2015-12-14,1.0
2015-12-15,1.0
2015-12-16,1.0
2015-12-17,1.0
2015-12-18,0.0
2015-12-19,0.0
2015-12-20,1.0
2015-12-21,0.0
2015-12-22,0.0
2015-12-23,0.0
2015-12-24,0.0
2015-12-25,0.0
2015-12-26,0.0
2015-12-27,0.0
2015-12-28,0.0
2015-12-29,0.0
2015-12-30,0.0
2015-12-31,0.0
2016-01-01,1.0
2016-01-02,1.0
2016-01-03,0.0
2016-01-04,1.0
2016-01-05,1.0
2016-01-06,1.0
2016-01-07,0.0
2016-01-08,0.0
2016-01-09,0.0
2016-01-10,0.0
2016-01-11,0.0
2016-01-12,0.0
2016-01-13,0.0
2016-01-14,0.0
2016-01-15,0.0
2016-01-16,0.0
2016-01-17,0.0
2016-01-18,0.0
2016-01-19,1.0
2016-01-20,1.0
2016-01-21,1.0
2016-01-22,1.0
2016-01-23,1.0
2016-01-24,1.0
2016-01-25,1.0
2016-01-26,1.0
2016-01-27,1.0
2016-01-28,1.0
2016-01-29,1.0
2016-01-30,1.0
2016-01-31,0.0
2016-02-01,0.0
2016-02-02,0.0
2016-02-03,0.0
2016-02-04,1.0
2016-02-05,0.0
2016-02-06,0.0
2016-02-07,0.0
2016-02-08,0.0
2016-02-09,0.0
2016-02-10,0.0
2016-02-11,1.0
2016-02-12,1.0
2016-02-13,1.0
2016-02-14,1.0
2016-02-15,1.0
2016-02-16,1.0
2016-02-17,1.0
2016-02-18,1.0
2016-02-19,1.0
2016-02-20,1.0
2016-02-21,1.0
2016-02-22,1.0
2016-02-23,1.0
2016-02-24,1.0
2016-02-25,1.0
2016-02-26,1.0
2016-02-27,1.0
2016-02-28,1.0
2016-02-29,1.0
2016-03-01,1.0
2016-03-02,1.0
2016-03-03,1.0
2016-03-04,1.0
2016-03-05,1.0
2016-03-06,1.0
2016-03-07,1.0
2016-03-08,1.0
2016-03-09,1.0
2016-03-10,1.0
2016-03-11,1.0
2016-03-12,1.0
2016-03-13,1.0
2016-03-14,1.0
2016-03-15,1.0
2016-03-16,1.0
2016-03-17,1.0
2016-03-18,1.0
2016-03-19,1.0
2016-03-20,1.0
2016-03-21,1.0
2016-03-22,1.0
2016-03-23,1.0
2016-03-24,2.0
2016-03-25,2.0
2016-03-26,2.0
2016-03-27,2.0
2016-03-28,1.0
2016-03-29,1.0
2016-03-30,1.0
2016-03-31,1.0
2016-04-01,1.0
2016-04-02,2.0
2016-04-03,2.0
2016-04-04,2.0
2016-04-05,2.0
2016-04-06,2.0
2016-04-07,2.0
2016-04-08,1.0
2016-04-09,1.0
2016-04-10,1.0
2016-04-11,1.0
2016-04-12,1.0
2016-04-13,1.0
2016-04-14,1.0
2016-04-15,1.0
2016-04-16,1.0
2016-04-17,1.0
2016-04-18,1.0
2016-04-19,1.0
2016-04-20,1.0
2016-04-21,1.0
2016-04-22,1.0
2016-04-23,1.0
2016-04-24,1.0
2016-04-25,1.0
2016-04-26,1.0
2016-04-27,1.0
2016-04-28,1.0
2016-04-29,1.0
2016-04-30,1.0
2016-05-01,1.0
2016-05-02,1.0
2016-05-03,1.0
2016-05-04,1.0
2016-05-05,1.0
2016-05-06,1.0
2016-05-07,1.0
2016-05-08,1.0
2016-05-09,1.0
2016-05-10,1.0
2016-05-11,1.0
2016-05-12,1.0
2016-05-13,1.0
2016-05-14,1.0
2016-05-15,1.0
2016-05-16,1.0
2016-05-17,1.0
2016-05-18,1.0
2016-05-19,1.0
2016-05-20,1.0
2016-05-21,1.0
2016-05-22,1.0
2016-05-23,1.0
2016-05-24,1.0
2016-05-25,1.0
2016-05-26,1.0
2016-05-27,1.0
2016-05-28,1.0
2016-05-29,1.0
2016-05-30,1.0
2016-05-31,1.0
2016-06-01,1.0
2016-06-02,1.0
2016-06-03,1.0
2016-06-04,1.0
2016-06-05,1.0
2016-06-06,1.0
2016-06-07,1.0
2016-06-08,1.0
2016-06-09,1.0
2016-06-10,1.0
2016-06-11,1.0
2016-06-12,1.0
2016-06-13,1.0
2016-06-14,1.0
2016-06-15,1.0
2016-06-16,2.0
2016-06-17,2.0
2016-06-18,2.0
2016-06-19,2.0
2016-06-20,2.0
2016-06-21,2.0
2016-06-22,2.0
2016-06-23,2.0
2016-06-24,2.0
2016-06-25,2.0
2016-06-26,1.0
2016-06-27,1.0
2016-06-28,1.0
2016-06-29,2.0
2016-06-30,2.0
2016-07-01,2.0
2016-07-02,2.0
2016-07-03,2.0
2016-07-04,2.0
2016-07-05,2.0
2016-07-06,2.0
2016-07-07,2.0
2016-07-08,2.0
2016-07-09,2.0
2016-07-10,2.0
2016-07-11,2.0
2016-07-12,2.0
2016-07-13,2.0
2016-07-14,2.0
2016-07-15,2.0
2016-07-16,2.0
2016-07-17,2.0
2016-07-18,2.0
2016-07-19,2.0
2016-07-20,2.0
2016-07-21,2.0
2016-07-22,2.0
2016-07-23,2.0
2016-07-24,2.0
2016-07-25,2.0
2016-07-26,2.0
2016-07-27,2.0
2016-07-28,2.0
2016-07-29,2.0
2016-07-30,2.0
2016-07-31,2.0
2016-08-01,2.0
2016-08-02,1.0
2016-08-03,2.0
2016-08-04,2.0
2016-08-05,2.0
2016-08-06,2.0
2016-08-07,2.0
2016-08-08,2.0
2016-08-09,2.0
2016-08-10,2.0
2016-08-11,2.0
2016-08-12,2.0
2016-08-13,2.0
2016-08-14,2.0
2016-08-15,2.0
2016-08-16,2.0
2016-08-17,2.0
2016-08-18,2.0
2016-08-19,2.0
2016-08-20,2.0
2016-08-21,3.0
2016-08-22,4.0
2016-08-23,5.0
2016-08-24,4.0
2016-08-25,4.0
2016-08-26,4.0
2016-08-27,5.0
2016-08-28,9.0
2016-08-29,8.0
2016-08-30,8.0
2016-08-31,8.0
2016-09-01,8.0
2016-09-02,10.0
2016-09-03,11.0
2016-09-04,14.0
2016-09-05,14.0
2016-09-06,12.0
2016-09-07,12.0
2016-09-08,13.0
2016-09-09,12.0
2016-09-10,12.0
2016-09-11,11.0
2016-09-12,10.0
2016-09-13,11.0
2016-09-14,10.0
2016-09-15,10.0
2016-09-16,9.0
2016-09-17,10.0
2016-09-18,9.0
2016-09-19,11.0
2016-09-20,11.0
2016-09-21,10.0
2016-09-22,10.0
2016-09-23,11.0
2016-09-24,11.0
2016-09-25,10.0
2016-09-26,9.0
2016-09-27,9.0
2016-09-28,9.0
2016-09-29,9.0
2016-09-30,8.0
2016-10-01,7.0
2016-10-02,8.0
2016-10-03,8.0
2016-10-04,8.0
2016-10-05,7.0
2016-10-06,7.0
2016-10-07,7.0
2016-10-08,7.0
2016-10-09,8.0
2016-10-10,7.0
2016-10-11,7.0
2016-10-12,7.0
2016-10-13,7.0
2016-10-14,7.0
2016-10-15,7.0
2016-10-16,6.0
2016-10-17,6.0
2016-10-18,7.0
2016-10-19,7.0
2016-10-20,7.0
2016-10-21,7.0
2016-10-22,6.0
2016-10-23,6.0
2016-10-24,6.0
2016-10-25,6.0
2016-10-26,6.0
2016-10-27,6.0
2016-10-28,6.0
2016-10-29,5.0
2016-10-30,6.0
2016-10-31,5.0
2016-11-01,5.0
2016-11-02,5.0
2016-11-03,5.0
2016-11-04,5.0
2016-11-05,5.0
2016-11-06,5.0
2016-11-07,6.0
2016-11-08,6.0
2016-11-09,6.0
2016-11-10,6.0
2016-11-11,7.0
2016-11-12,7.0
2016-11-13,7.0
2016-11-14,8.0
2016-11-15,7.0
2016-11-16,7.0
2016-11-17,7.0
2016-11-18,7.0
2016-11-19,7.0
2016-11-20,7.0
2016-11-21,7.0
2016-11-22,8.0
2016-11-23,8.0
2016-11-24,8.0
2016-11-25,8.0
2016-11-26,8.0
2016-11-27,8.0
2016-11-28,8.0
2016-11-29,8.0
2016-11-30,9.0
2016-12-01,9.0
2016-12-02,8.0
2016-12-03,8.0
2016-12-04,8.0
2016-12-05,8.0
2016-12-06,8.0
2016-12-07,8.0
2016-12-08,8.0
2016-12-09,8.0
2016-12-10,8.0
2016-12-11,8.0
2016-12-12,8.0
2016-12-13,8.0
2016-12-14,8.0
2016-12-15,8.0
2016-12-16,8.0
2016-12-17,8.0
2016-12-18,9.0
2016-12-19,9.0
2016-12-20,8.0
2016-12-21,8.0
2016-12-22,9.0
2016-12-23,10.0
2016-12-24,10.0
2016-12-25,10.0
2016-12-26,10.0
2016-12-27,12.0
2016-12-28,14.0
2016-12-29,13.0
2016-12-30,13.0
2016-12-31,14.0
2017-01-01,14.0
2017-01-02,16.0
2017-01-03,16.0
2017-01-04,18.0
2017-01-05,16.0
2017-01-06,14.0
2017-01-07,13.0
2017-01-08,13.0
2017-01-09,14.0
2017-01-10,13.0
2017-01-11,12.0
2017-01-12,12.0
2017-01-13,11.0
2017-01-14,11.0
2017-01-15,11.0
2017-01-16,11.0
2017-01-17,12.0
2017-01-18,12.0
2017-01-19,12.0
2017-01-20,12.0
2017-01-21,12.0
2017-01-22,12.0
2017-01-23,12.0
2017-01-24,12.0
2017-01-25,12.0
2017-01-26,12.0
2017-01-27,12.0
2017-01-28,13.0
2017-01-29,13.0
2017-01-30,13.0
2017-01-31,13.0
2017-02-01,13.0
2017-02-02,13.0
2017-02-03,13.0
2017-02-04,13.0
2017-02-05,13.0
2017-02-06,13.0
2017-02-07,13.0
2017-02-08,13.0
2017-02-09,12.0
2017-02-10,12.0
2017-02-11,12.0
2017-02-12,12.0
2017-02-13,12.0
2017-02-14,13.0
2017-02-15,14.0
2017-02-16,13.0
2017-02-17,13.0
2017-02-18,13.0
2017-02-19,13.0
2017-02-20,12.0
2017-02-21,12.0
2017-02-22,13.0
2017-02-23,13.0
2017-02-24,12.0
2017-02-25,12.0
2017-02-26,12.0
2017-02-27,12.0
2017-02-28,12.0
2017-03-01,12.0
2017-03-02,13.0
2017-03-03,14.0
2017-03-04,14.0
2017-03-05,15.0
2017-03-06,16.0
2017-03-07,14.0
2017-03-08,13.0
2017-03-09,13.0
2017-03-10,13.0
2017-03-11,15.0
2017-03-12,17.0
2017-03-13,18.0
2017-03-14,18.0
2017-03-15,19.0
2017-03-16,22.0
2017-03-17,22.0
2017-03-18,20.0
2017-03-19,23.0
2017-03-20,22.0
2017-03-21,21.0
2017-03-22,21.0
2017-03-23,22.0
2017-03-24,21.0
2017-03-25,20.0
2017-03-26,19.0
2017-03-27,19.0
2017-03-28,20.0
2017-03-29,21.0
2017-03-30,20.0
2017-03-31,20.0
2017-04-01,21.0
2017-04-02,20.0
2017-04-03,20.0
2017-04-04,20.0
2017-04-05,20.0
2017-04-06,19.0
2017-04-07,20.0
2017-04-08,21.0
2017-04-09,21.0
2017-04-10,22.0
2017-04-11,22.0
2017-04-12,22.0
2017-04-13,22.0
2017-04-14,21.0
2017-04-15,21.0
2017-04-16,20.0
2017-04-17,20.0
2017-04-18,21.0
2017-04-19,20.0
2017-04-20,20.0
2017-04-21,20.0
2017-04-22,20.0
2017-04-23,20.0
2017-04-24,20.0
2017-04-25,20.0
2017-04-26,20.0
2017-04-27,22.0
2017-04-28,23.0
2017-04-29,23.0
2017-04-30,24.0
2017-05-01,23.0
2017-05-02,23.0
2017-05-03,26.0
2017-05-04,26.0
2017-05-05,28.0
2017-05-06,29.0
2017-05-07,31.0
2017-05-08,30.0
2017-05-09,28.0
2017-05-10,30.0
2017-05-11,30.0
2017-05-12,29.0
2017-05-13,29.0
2017-05-14,29.0
2017-05-15,28.0
2017-05-16,26.0
2017-05-17,27.0
2017-05-18,30.0
2017-05-19,32.0
2017-05-20,35.0
2017-05-21,35.0
2017-05-22,36.0
2017-05-23,55.0
2017-05-24,45.0
2017-05-25,41.0
2017-05-26,39.0
2017-05-27,34.0
2017-05-28,38.0
2017-05-29,42.0
2017-05-30,40.0
2017-05-31,42.0
2017-06-01,44.0
2017-06-02,44.0
2017-06-03,42.0
2017-06-04,43.0
2017-06-05,49.0
2017-06-06,55.0
2017-06-07,53.0
2017-06-08,56.0
2017-06-09,55.0
2017-06-10,53.0
2017-06-11,59.0
2017-06-12,51.0
2017-06-13,52.0
2017-06-14,46.0
2017-06-15,46.0
2017-06-16,48.0
2017-06-17,53.0
2017-06-18,50.0
2017-06-19,51.0
2017-06-20,52.0
2017-06-21,49.0
2017-06-22,50.0
2017-06-23,51.0
2017-06-24,48.0
2017-06-25,45.0
2017-06-26,43.0
2017-06-27,44.0
2017-06-28,47.0
2017-06-29,45.0
2017-06-30,44.0
2017-07-01,41.0
2017-07-02,43.0
2017-07-03,44.0
2017-07-04,46.0
2017-07-05,46.0
2017-07-06,50.0
2017-07-07,44.0
2017-07-08,46.0
2017-07-09,45.0
2017-07-10,39.0
2017-07-11,37.0
2017-07-12,40.0
2017-07-13,38.0
2017-07-14,35.0
2017-07-15,32.0
2017-07-16,29.0
2017-07-17,35.0
2017-07-18,37.0
2017-07-19,35.0
2017-07-20,41.0
2017-07-21,40.0
2017-07-22,45.0
2017-07-23,43.0
2017-07-24,46.0
2017-07-25,41.0
2017-07-26,46.0
2017-07-27,45.0
2017-07-28,44.0
2017-07-29,44.0
2017-07-30,40.0
2017-07-31,40.0
2017-08-01,44.0
2017-08-02,44.0
2017-08-03,43.0
2017-08-04,45.0
2017-08-05,48.0
2017-08-06,48.0
2017-08-07,50.0
2017-08-08,52.0
2017-08-09,51.0
2017-08-10,50.0
2017-08-11,51.0
2017-08-12,49.0
2017-08-13,48.0
2017-08-14,50.0
2017-08-15,49.0
2017-08-16,49.0
2017-08-17,48.0
2017-08-18,47.0
2017-08-19,56.0
2017-08-20,55.0
2017-08-21,77.0
2017-08-22,91.0
2017-08-23,91.0
2017-08-24,85.0
2017-08-25,108.0
2017-08-26,137.0
2017-08-27,131.0
2017-08-28,143.0
2017-08-29,133.0
2017-08-30,135.0
2017-08-31,142.0
2017-09-01,143.0
2017-09-02,126.0
2017-09-03,127.0
2017-09-04,110.0
2017-09-05,121.0
2017-09-06,124.0
2017-09-07,123.0
2017-09-08,119.0
2017-09-09,116.0
2017-09-10,113.0
2017-09-11,112.0
2017-09-12,112.0
2017-09-13,111.0
2017-09-14,87.0
2017-09-15,100.0
2017-09-16,97.0
2017-09-17,95.0
2017-09-18,102.0
2017-09-19,99.0
2017-09-20,96.0
2017-09-21,86.0
2017-09-22,88.0
2017-09-23,92.0
2017-09-24,90.0
2017-09-25,94.0
2017-09-26,94.0
2017-09-27,102.0
2017-09-28,98.0
2017-09-29,94.0
2017-09-30,96.0
2017-10-01,93.0
2017-10-02,91.0
2017-10-03,93.0
2017-10-04,90.0
2017-10-05,91.0
2017-10-06,91.0
2017-10-07,91.0
2017-10-08,90.0
2017-10-09,85.0
2017-10-10,86.0
2017-10-11,87.0
2017-10-12,87.0
2017-10-13,94.0
2017-10-14,100.0
2017-10-15,95.0
2017-10-16,96.0
2017-10-17,91.0
2017-10-18,90.0
2017-10-19,89.0
2017-10-20,90.0
2017-10-21,88.0
2017-10-22,87.0
2017-10-23,85.0
2017-10-24,88.0
2017-10-25,88.0
2017-10-26,88.0
2017-10-27,87.0
2017-10-28,86.0
2017-10-29,88.0
2017-10-30,89.0
2017-10-31,88.0
2017-11-01,86.0
2017-11-02,83.0
2017-11-03,88.0
2017-11-04,87.0
2017-11-05,86.0
2017-11-06,100.0
2017-11-07,99.0
2017-11-08,115.0
2017-11-09,120.0
2017-11-10,106.0
2017-11-11,119.0
2017-11-12,120.0
2017-11-13,123.0
2017-11-14,121.0
2017-11-15,121.0
2017-11-16,119.0
2017-11-17,126.0
2017-11-18,131.0
2017-11-19,130.0
2017-11-20,138.0
2017-11-21,140.0
2017-11-22,166.0
2017-11-23,160.0
2017-11-24,161.0
2017-11-25,169.0
2017-11-26,163.0
2017-11-27,170.0
2017-11-28,194.0
2017-11-29,168.0
2017-11-30,177.0
2017-12-01,188.0
2017-12-02,199.0
2017-12-03,197.0
2017-12-04,205.0
2017-12-05,248.0
2017-12-06,262.0
2017-12-07,264.0
2017-12-08,268.0
2017-12-09,263.0
2017-12-10,246.0
2017-12-11,276.0
2017-12-12,310.0
2017-12-13,309.0
2017-12-14,326.0
2017-12-15,313.0
2017-12-16,328.0
2017-12-17,348.0
2017-12-18,370.0
2017-12-19,365.0
2017-12-20,477.0
2017-12-21,420.0
2017-12-22,346.0
2017-12-23,370.0
2017-12-24,341.0
2017-12-25,343.0
2017-12-26,357.0
2017-12-27,373.0
2017-12-28,353.0
2017-12-29,358.0
2017-12-30,315.0
2017-12-31,334.0
2018-01-01,342.0
2018-01-02,363.0
2018-01-03,385.0
2018-01-04,367.0
2018-01-05,354.0
2018-01-06,385.0
2018-01-07,399.0
2018-01-08,401.0
2018-01-09,410.0
2018-01-10,405.0
2018-01-11,351.0
2018-01-12,384.0
2018-01-13,416.0
2018-01-14,396.0
2018-01-15,414.0
2018-01-16,318.0
2018-01-17,319.0
2018-01-18,314.0
2018-01-19,363.0
2018-01-20,384.0
2018-01-21,344.0
2018-01-22,313.0
2018-01-23,309.0
2018-01-24,316.0
2018-01-25,315.0
2018-01-26,321.0
2018-01-27,324.0
2018-01-28,327.0
2018-01-29,311.0
2018-01-30,271.0
2018-01-31,268.0
2018-02-01,239.0
2018-02-02,235.0
2018-02-03,250.0
2018-02-04,220.0
2018-02-05,178.0
2018-02-06,211.0
2018-02-07,208.0
2018-02-08,246.0
2018-02-09,256.0
2018-02-10,248.0
2018-02-11,230.0
2018-02-12,247.0
2018-02-13,233.0
2018-02-14,272.0
2018-02-15,298.0
2018-02-16,295.0
2018-02-17,322.0
2018-02-18,295.0
2018-02-19,313.0
2018-02-20,299.0
2018-02-21,299.0
2018-02-22,275.0
2018-02-23,277.0
2018-02-24,268.0
2018-02-25,278.0
2018-02-26,291.0
2018-02-27,301.0
2018-02-28,283.0
2018-03-01,313.0
2018-03-02,342.0
2018-03-03,351.0
2018-03-04,367.0
2018-03-05,372.0
2018-03-06,342.0
2018-03-07,335.0
2018-03-08,275.0
2018-03-09,281.0
2018-03-10,254.0
2018-03-11,279.0
2018-03-12,258.0
2018-03-13,247.0
2018-03-14,214.0
2018-03-15,213.0
2018-03-16,217.0
2018-03-17,197.0
2018-03-18,207.0
2018-03-19,214.0
2018-03-20,223.0
2018-03-21,217.0
2018-03-22,212.0
2018-03-23,212.0
2018-03-24,208.0
2018-03-25,210.0
2018-03-26,196.0
2018-03-27,188.0
2018-03-28,198.0
2018-03-29,176.0
2018-03-30,171.0
2018-03-31,178.0
2018-04-01,174.0
2018-04-02,176.0
2018-04-03,189.0
2018-04-04,169.0
2018-04-05,173.0
2018-04-06,162.0
2018-04-07,169.0
2018-04-08,173.0
2018-04-09,166.0
2018-04-10,165.0
2018-04-11,168.0
2018-04-12,191.0
2018-04-13,190.0
2018-04-14,191.0
2018-04-15,201.0
2018-04-16,194.0
2018-04-17,195.0
2018-04-18,229.0
2018-04-19,237.0
2018-04-20,268.0
2018-04-21,255.0
2018-04-22,269.0
2018-04-23,282.0
2018-04-24,294.0
2018-04-25,256.0
2018-04-26,268.0
2018-04-27,251.0
2018-04-28,261.0
2018-04-29,255.0
2018-04-30,241.0
2018-05-01,239.0
2018-05-02,249.0
2018-05-03,245.0
2018-05-04,242.0
2018-05-05,241.0
2018-05-06,235.0
2018-05-07,233.0
2018-05-08,223.0
2018-05-09,226.0
2018-05-10,218.0
2018-05-11,198.0
2018-05-12,202.0
2018-05-13,209.0
2018-05-14,212.0
2018-05-15,203.0
2018-05-16,199.0
2018-05-17,191.0
2018-05-18,205.0
2018-05-19,198.0
2018-05-20,204.0
2018-05-21,198.0
2018-05-22,176.0
2018-05-23,170.0
2018-05-24,172.0
2018-05-25,164.0
2018-05-26,164.0
2018-05-27,165.0
2018-05-28,150.0
2018-05-29,157.0
2018-05-30,154.0
2018-05-31,156.0
2018-06-01,158.0
2018-06-02,162.0
2018-06-03,169.0
2018-06-04,160.0
2018-06-05,167.0
2018-06-06,164.0
2018-06-07,163.0
2018-06-08,158.0
2018-06-09,156.0
2018-06-10,138.0
2018-06-11,137.0
2018-06-12,125.0
2018-06-13,121.0
2018-06-14,131.0
2018-06-15,123.0
2018-06-16,127.0
2018-06-17,123.0
2018-06-18,127.0
2018-06-19,126.0
2018-06-20,123.0
2018-06-21,123.0
2018-06-22,111.0
2018-06-23,115.0
2018-06-24,121.0
2018-06-25,127.0
2018-06-26,121.0
2018-06-27,129.0
2018-06-28,117.0
2018-06-29,127.0
2018-06-30,130.0
2018-07-01,129.0
2018-07-02,140.0
2018-07-03,138.0
2018-07-04,138.0
2018-07-05,138.0
2018-07-06,132.0
2018-07-07,134.0
2018-07-08,137.0
2018-07-09,135.0
2018-07-10,121.0
2018-07-11,125.0
2018-07-12,119.0
2018-07-13,122.0
2018-07-14,123.0
2018-07-15,124.0
2018-07-16,134.0
2018-07-17,144.0
2018-07-18,139.0
2018-07-19,140.0
2018-07-20,130.0
2018-07-21,132.0
2018-07-22,128.0
2018-07-23,134.0
2018-07-24,148.0
2018-07-25,143.0
2018-07-26,136.0
2018-07-27,141.0
2018-07-28,139.0
2018-07-29,135.0
2018-07-30,132.0
2018-07-31,122.0
2018-08-01,128.0
2018-08-02,122.0
2018-08-03,120.0
2018-08-04,114.0
2018-08-05,117.0
2018-08-06,114.0
2018-08-07,108.0
2018-08-08,94.0
2018-08-09,101.0
2018-08-10,91.0
2018-08-11,94.0
2018-08-12,93.0
2018-08-13,88.0
2018-08-14,84.0
2018-08-15,89.0
2018-08-16,91.0
2018-08-17,99.0
2018-08-18,98.0
2018-08-19,98.0
2018-08-20,94.0
2018-08-21,95.0
2018-08-22,90.0
2018-08-23,90.0
2018-08-24,94.0
2018-08-25,92.0
2018-08-26,94.0
2018-08-27,104.0
2018-08-28,108.0
2018-08-29,103.0
2018-08-30,103.0
2018-08-31,116.0
2018-09-01,122.0
2018-09-02,122.0
2018-09-03,135.0
2018-09-04,138.0
2018-09-05,117.0
2018-09-06,117.0
2018-09-07,112.0
2018-09-08,104.0
2018-09-09,105.0
2018-09-10,105.0
2018-09-11,105.0
2018-09-12,104.0
2018-09-13,112.0
2018-09-14,116.0
2018-09-15,119.0
2018-09-16,117.0
2018-09-17,107.0
2018-09-18,112.0
2018-09-19,109.0
2018-09-20,116.0
2018-09-21,124.0
2018-09-22,122.0
2018-09-23,123.0
2018-09-24,115.0
2018-09-25,116.0
2018-09-26,115.0
2018-09-27,119.0
2018-09-28,116.0
2018-09-29,114.0
2018-09-30,115.0
2018-10-01,114.0
2018-10-02,117.0
2018-10-03,114.0
2018-10-04,114.0
2018-10-05,114.0
2018-10-06,114.0
2018-10-07,113.0
2018-10-08,113.0
2018-10-09,113.0
2018-10-10,113.0
2018-10-11,100.0
2018-10-12,100.0
2018-10-13,101.0
2018-10-14,99.0
2018-10-15,105.0
2018-10-16,106.0
2018-10-17,105.0
2018-10-18,102.0
2018-10-19,103.0
2018-10-20,103.0
2018-10-21,104.0
2018-10-22,105.0
2018-10-23,108.0
2018-10-24,106.0
2018-10-25,105.0
2018-10-26,104.0
2018-10-27,103.0
2018-10-28,104.0
2018-10-29,100.0
2018-10-30,102.0
2018-10-31,104.0
2018-11-01,104.0
2018-11-02,105.0
2018-11-03,106.0
2018-11-04,112.0
2018-11-05,111.0
2018-11-06,113.0
2018-11-07,111.0
2018-11-08,108.0
2018-11-09,106.0
2018-11-10,104.0
2018-11-11,105.0
2018-11-12,104.0
2018-11-13,103.0
2018-11-14,88.0
2018-11-15,87.0
2018-11-16,86.0
2018-11-17,87.0
2018-11-18,88.0
2018-11-19,72.0
2018-11-20,64.0
2018-11-21,68.0
2018-11-22,65.0
2018-11-23,66.0
2018-11-24,58.0
2018-11-25,57.0
2018-11-26,52.0
2018-11-27,57.0
2018-11-28,63.0
2018-11-29,60.0
2018-11-30,57.0
2018-12-01,59.0
2018-12-02,59.0
2018-12-03,54.0
2018-12-04,56.0
2018-12-05,51.0
2018-12-06,46.0
2018-12-07,46.0
2018-12-08,45.0
2018-12-09,47.0
2018-12-10,43.0
2018-12-11,42.0
2018-12-12,43.0
2018-12-13,40.0
2018-12-14,38.0
2018-12-15,38.0
2018-12-16,38.0
2018-12-17,43.0
2018-12-18,46.0
2018-12-19,46.0
2018-12-20,54.0
2018-12-21,51.0
2018-12-22,51.0
2018-12-23,52.0
2018-12-24,56.0
2018-12-25,50.0
2018-12-26,49.0
2018-12-27,43.0
2018-12-28,49.0
2018-12-29,48.0
2018-12-30,48.0
2018-12-31,45.0
2019-01-01,48.0
2019-01-02,52.0
2019-01-03,49.0
2019-01-04,50.0
2019-01-05,49.0
2019-01-06,55.0
2019-01-07,53.0
2019-01-08,53.0
2019-01-09,52.0
2019-01-10,45.0
2019-01-11,45.0
2019-01-12,45.0
2019-01-13,43.0
2019-01-14,45.0
2019-01-15,44.0
2019-01-16,46.0
2019-01-17,45.0
2019-01-18,45.0
2019-01-19,46.0
2019-01-20,43.0
2019-01-21,44.0
2019-01-22,46.0
2019-01-23,45.0
2019-01-24,46.0
2019-01-25,46.0
2019-01-26,45.0
2019-01-27,46.0
2019-01-28,43.0
2019-01-29,43.0
2019-01-30,44.0
2019-01-31,43.0
2019-02-01,43.0
2019-02-02,43.0
2019-02-03,42.0
2019-02-04,42.0
2019-02-05,43.0
2019-02-06,43.0
2019-02-07,43.0
2019-02-08,47.0
2019-02-09,48.0
2019-02-10,49.0
2019-02-11,47.0
2019-02-12,48.0
2019-02-13,48.0
2019-02-14,46.0
2019-02-15,47.0
2019-02-16,46.0
2019-02-17,47.0
2019-02-18,51.0
2019-02-19,52.0
2019-02-20,51.0
2019-02-21,49.0
2019-02-22,51.0
2019-02-23,53.0
2019-02-24,48.0
2019-02-25,48.0
2019-02-26,48.0
2019-02-27,48.0
2019-02-28,48.0
2019-03-01,48.0
2019-03-02,48.0
2019-03-03,48.0
2019-03-04,47.0
2019-03-05,49.0
2019-03-06,49.0
2019-03-07,50.0
2019-03-08,48.0
2019-03-09,49.0
2019-03-10,49.0
2019-03-11,49.0
2019-03-12,50.0
2019-03-13,50.0
2019-03-14,51.0
2019-03-15,52.0
2019-03-16,53.0
2019-03-17,52.0
2019-03-18,52.0
2019-03-19,53.0
2019-03-20,54.0
2019-03-21,52.0
2019-03-22,53.0
2019-03-23,52.0
2019-03-24,52.0
2019-03-25,51.0
2019-03-26,52.0
2019-03-27,53.0
2019-03-28,53.0
2019-03-29,53.0
2019-03-30,53.0
2019-03-31,56.0
2019-04-01,60.0
2019-04-02,70.0
2019-04-03,66.0
2019-04-04,64.0
2019-04-05,69.0
2019-04-06,68.0
2019-04-07,70.0
2019-04-08,71.0
2019-04-09,68.0
2019-04-10,71.0
2019-04-11,66.0
2019-04-12,66.0
2019-04-13,65.0
2019-04-14,67.0
2019-04-15,64.0
2019-04-16,69.0
2019-04-17,67.0
2019-04-18,69.0
2019-04-19,69.0
2019-04-20,70.0
2019-04-21,69.0
2019-04-22,69.0
2019-04-23,69.0
2019-04-24,68.0
2019-04-25,61.0
2019-04-26,61.0
2019-04-27,62.0
2019-04-28,60.0
2019-04-29,61.0
2019-04-30,62.0
2019-05-01,65.0
2019-05-02,64.0
2019-05-03,66.0
2019-05-04,68.0
2019-05-05,66.0
2019-05-06,67.0
2019-05-07,66.0
2019-05-08,67.0
2019-05-09,65.0
2019-05-10,69.0
2019-05-11,81.0
2019-05-12,75.0
2019-05-13,79.0
2019-05-14,83.0
2019-05-15,95.0
2019-05-16,87.0
2019-05-17,82.0
2019-05-18,80.0
2019-05-19,91.0
2019-05-20,88.0
2019-05-21,89.0
2019-05-22,84.0
2019-05-23,85.0
2019-05-24,86.0
2019-05-25,87.0
2019-05-26,93.0
2019-05-27,98.0
2019-05-28,96.0
2019-05-29,94.0
2019-05-30,92.0
2019-05-31,93.0
2019-06-01,93.0
2019-06-02,95.0
2019-06-03,89.0
2019-06-04,83.0
2019-06-05,85.0
2019-06-06,86.0
2019-06-07,88.0
2019-06-08,88.0
2019-06-09,83.0
2019-06-10,87.0
2019-06-11,87.0
2019-06-12,90.0
2019-06-13,90.0
2019-06-14,91.0
2019-06-15,95.0
2019-06-16,96.0
2019-06-17,99.0
2019-06-18,96.0
2019-06-19,100.0
2019-06-20,105.0
2019-06-21,109.0
2019-06-22,114.0
2019-06-23,115.0
2019-06-24,117.0
2019-06-25,112.0
2019-06-26,103.0
2019-06-27,94.0
2019-06-28,101.0
2019-06-29,100.0
2019-06-30,88.0
2019-07-01,89.0
2019-07-02,86.0
2019-07-03,90.0
2019-07-04,88.0
2019-07-05,90.0
2019-07-06,94.0
2019-07-07,107.0
2019-07-08,102.0
2019-07-09,100.0
2019-07-10,95.0
2019-07-11,89.0
2019-07-12,98.0
2019-07-13,93.0
2019-07-14,87.0
2019-07-15,90.0
2019-07-16,74.0
2019-07-17,77.0
2019-07-18,85.0
2019-07-19,82.0
2019-07-20,86.0
2019-07-21,84.0
2019-07-22,83.0
2019-07-23,81.0
2019-07-24,81.0
2019-07-25,81.0
2019-07-26,80.0
2019-07-27,79.0
2019-07-28,80.0
2019-07-29,78.0
2019-07-30,78.0
2019-07-31,80.0
2019-08-01,82.0
2019-08-02,84.0
2019-08-03,88.0
2019-08-04,88.0
2019-08-05,94.0
2019-08-06,89.0
2019-08-07,97.0
2019-08-08,95.0
2019-08-09,93.0
2019-08-10,91.0
2019-08-11,92.0
2019-08-12,91.0
2019-08-13,86.0
2019-08-14,79.0
2019-08-15,83.0
2019-08-16,82.0
2019-08-17,82.0
2019-08-18,88.0
2019-08-19,90.0
2019-08-20,86.0
2019-08-21,81.0
2019-08-22,82.0
2019-08-23,82.0
2019-08-24,81.0
2019-08-25,80.0
2019-08-26,80.0
2019-08-27,78.0
2019-08-28,72.0
2019-08-29,67.0
2019-08-30,68.0
2019-08-31,67.0
2019-09-01,72.0
2019-09-02,73.0
2019-09-03,75.0
2019-09-04,74.0
2019-09-05,76.0
2019-09-06,75.0
2019-09-07,78.0
2019-09-08,77.0
2019-09-09,75.0
2019-09-10,72.0
2019-09-11,74.0
2019-09-12,75.0
2019-09-13,76.0
2019-09-14,76.0
2019-09-15,76.0
2019-09-16,76.0
2019-09-17,74.0
2019-09-18,80.0
2019-09-19,76.0
2019-09-20,74.0
2019-09-21,72.0
2019-09-22,73.0
2019-09-23,68.0
2019-09-24,59.0
2019-09-25,59.0
2019-09-26,57.0
2019-09-27,58.0
2019-09-28,58.0
2019-09-29,56.0
2019-09-30,57.0
2019-10-01,56.0
2019-10-02,56.0
2019-10-03,56.0
2019-10-04,57.0
2019-10-05,57.0
2019-10-06,55.0
2019-10-07,56.0
2019-10-08,56.0
2019-10-09,57.0
2019-10-10,56.0
2019-10-11,54.0
2019-10-12,54.0
2019-10-13,53.0
2019-10-14,53.0
2019-10-15,52.0
2019-10-16,55.0
2019-10-17,56.0
2019-10-18,56.0
2019-10-19,54.0
2019-10-20,56.0
2019-10-21,58.0
2019-10-22,57.0
2019-10-23,53.0
2019-10-24,54.0
2019-10-25,59.0
2019-10-26,57.0
2019-10-27,60.0
2019-10-28,60.0
2019-10-29,59.0
2019-10-30,59.0
2019-10-31,59.0
2019-11-01,61.0
2019-11-02,62.0
2019-11-03,64.0
2019-11-04,63.0
2019-11-05,63.0
2019-11-06,64.0
2019-11-07,63.0
2019-11-08,61.0
2019-11-09,62.0
2019-11-10,64.0
2019-11-11,62.0
2019-11-12,62.0
2019-11-13,65.0
2019-11-14,65.0
2019-11-15,62.0
2019-11-16,61.0
2019-11-17,62.0
2019-11-18,58.0
2019-11-19,58.0
2019-11-20,58.0
2019-11-21,54.0
2019-11-22,51.0
2019-11-23,52.0
2019-11-24,48.0
2019-11-25,50.0
2019-11-26,51.0
2019-11-27,56.0
2019-11-28,54.0
2019-11-29,56.0
2019-11-30,55.0
2019-12-01,54.0
2019-12-02,54.0
2019-12-03,53.0
2019-12-04,53.0
2019-12-05,54.0
2019-12-06,54.0
2019-12-07,54.0
2019-12-08,54.0
2019-12-09,54.0
2019-12-10,53.0
2019-12-11,53.0
2019-12-12,53.0
2019-12-13,52.0
2019-12-14,51.0
2019-12-15,51.0
2019-12-16,49.0
2019-12-17,45.0
2019-12-18,48.0
2019-12-19,47.0
2019-12-20,47.0
2019-12-21,45.0
2019-12-22,47.0
2019-12-23,47.0
2019-12-24,46.0
2019-12-25,46.0
2019-12-26,45.0
2019-12-27,45.0
2019-12-28,45.0
2019-12-29,47.0
2019-12-30,46.0
2019-12-31,44.0
2020-01-01,46.0
2020-01-02,45.0
2020-01-03,51.0
2020-01-04,50.0
2020-01-05,54.0
2020-01-06,59.0
2020-01-07,59.0
2020-01-08,59.0
2020-01-09,59.0
2020-01-10,58.0
2020-01-11,58.0
2020-01-12,59.0
2020-01-13,58.0
2020-01-14,63.0
2020-01-15,68.0
2020-01-16,66.0
2020-01-17,69.0
2020-01-18,67.0
2020-01-19,65.0
2020-01-20,65.0
2020-01-21,66.0
2020-01-22,65.0
2020-01-23,62.0
2020-01-24,62.0
2020-01-25,61.0
2020-01-26,64.0
2020-01-27,65.0
2020-01-28,68.0
2020-01-29,70.0
2020-01-30,75.0
2020-01-31,72.0
2020-02-01,73.0
2020-02-02,75.0
2020-02-03,77.0
2020-02-04,75.0
2020-02-05,78.0
2020-02-06,78.0
2020-02-07,80.0
2020-02-08,81.0
2020-02-09,87.0
2020-02-10,85.0
2020-02-11,90.0
2020-02-12,95.0
2020-02-13,93.0
2020-02-14,95.0
2020-02-15,89.0
2020-02-16,89.0
2020-02-17,83.0
2020-02-18,86.0
2020-02-19,78.0
2020-02-20,77.0
2020-02-21,80.0
2020-02-22,79.0
2020-02-23,86.0
2020-02-24,79.0
2020-02-25,77.0
2020-02-26,71.0
2020-02-27,70.0
2020-02-28,69.0
2020-02-29,66.0
2020-03-01,65.0
2020-03-02,69.0
2020-03-03,66.0
2020-03-04,66.0
2020-03-05,68.0
2020-03-06,69.0
2020-03-07,66.0
2020-03-08,57.0
2020-03-09,55.0
2020-03-10,55.0
2020-03-11,54.0
2020-03-12,33.0
2020-03-13,37.0
2020-03-14,36.0
2020-03-15,38.0
2020-03-16,34.0
2020-03-17,37.0
2020-03-18,37.0
2020-03-19,41.0
2020-03-20,40.0
2020-03-21,41.0
2020-03-22,38.0
2020-03-23,44.0
2020-03-24,47.0
2020-03-25,47.0
2020-03-26,51.0
2020-03-27,49.0
2020-03-28,47.0
2020-03-29,44.0
2020-03-30,47.0
2020-03-31,48.0
2020-04-01,49.0
2020-04-02,51.0
2020-04-03,53.0
2020-04-04,54.0
2020-04-05,53.0
2020-04-06,59.0
2020-04-07,56.0
2020-04-08,58.0
2020-04-09,59.0
2020-04-10,54.0
2020-04-11,54.0
2020-04-12,54.0
2020-04-13,53.0
2020-04-14,54.0
2020-04-15,53.0
